,Year,Artist(s),Title,Lead Artist(s),latitude,longitude,location,song_type_0,song_type_1,song_type_2,song_discovery,acousticness,danceability,duration,energy,instrumentalness,key,liveness,loudness,mode,speechiness,tempo,valence
0,1960,Dinah Washington & Brook Benton,Baby (Youve Got What It Takes),Dinah Washington & Brook Benton,,,,,,,,,,,,,,,,,,,
1,1960,Toni Fisher,The Big Hurt,Toni Fisher,,,,,,,,,,,,,,,,,,,
2,1960,Larry Verne,Mr. Custer,Larry Verne,,,,,,,,,,,,,,,,,,,
3,1960,Ferrante & Teicher,Theme From The Apartment,Ferrante & Teicher,,,,,,,,,,,,,,,,,,,
4,1960,The Bill Black Combo,White Silver Sands,The Bill Black Combo,,,,,,,,,,,,,,,,,,,
5,1960,The Browns,The Old Lamp-Lighter,The Browns,,,,,,,,,,,,,,,,,,,
6,1960,Dinah Washington & Brook Benton,A Rockin Good Way (To Mess Around and Fall in Love),Dinah Washington & Brook Benton,,,,,,,,,,,,,,,,,,,
7,1960,Spencer Ross,Tracys Theme,Spencer Ross,,,,,,,,,,,,,,,,,,,
8,1960,Ricky Nelson,Young Emotions,Ricky Nelson,,,,,,,,,,,,,,,,,,,
9,1961,Ferrante & Teicher,Exodus,Ferrante & Teicher,,,,,,,,,,,,,,,,,,,
10,1961,Ricky Nelson,Travelin Man,Ricky Nelson,,,,,,,,,,,,,,,,,,,
11,1961,Brook Benton,The Boll Weevil Song,Brook Benton,40.714269,-74.005973,"New York, NY",studio,electric,vocal,0.0,0.088647,0.746863,168.32109,0.410727,0.002911,0,0.063791,-16.963,0,0.119446,65.83,0.859087
12,1961,Shep,Daddys Home,Shep,,,,,,,,,,,,,,,,,,,
13,1961,Ricky Nelson,Hello Mary Lou,Ricky Nelson,,,,,,,,,,,,,,,,,,,
14,1961,Little Caesar & the Romans,Those Oldies But Goodies,Little Caesar & the Romans,,,,,,,,,,,,,,,,,,,
15,1961,Linda Scott,Ive Told Evry Little Star,Linda Scott,,,,,,,,,,,,,,,,,,,
16,1962,Chubby Checker & Dee Dee Sharp,Slow Twistin,Chubby Checker & Dee Dee Sharp,,,,,,,,,,,,,,,,,,,
17,1962,Ricky Nelson,Young World,Ricky Nelson,,,,,,,,,,,,,,,,,,,
18,1962,Booker T. & the M.G.s,Green Onions,Booker T. & the M.G.s,,,,,,,,,,,,,,,,,,,
19,1962,The Duprees,You Belong to Me,The Duprees,,,,,,,,,,,,,,,,,,,
20,1962,Burl Ives,Funny Way of Laughin,Burl Ives,39.0538,-88.0234,"Hunt City, IL, US",studio,vocal,,0.0,0.674574,0.54894,163.46848,0.377326,0.0,4,0.059662,-13.536,1,0.037273,148.347,0.643391
21,1962,Billy Joe,Percolator (Twist),Billy Joe,,,,,,,,,,,,,,,,,,,
22,1962,Ronnie & the Hi-Lites,I Wish That We Were Married,Ronnie & the Hi-Lites,,,,,,,,,,,,,,,,,,,
23,1963,Paul & Paula,Hey Paula,Paul & Paula,,,,,,,,,,,,,,,,,,,
24,1963,Little Stevie Wonder,Fingertips,Little Stevie Wonder,,,,,,,,,,,,,,,,,,,
25,1963,Nino Tempo & April Stevens,Deep Purple,Nino Tempo & April Stevens,43.0955,-79.0558,"Niagara Falls, NY, US",studio,karaoke,electric,0.0027559067854,0.293325,0.714162,163.74689,0.583786,0.811635,5,0.111377,-13.249,1,0.038744,132.131,0.750458
26,1963,The Rebels,Wild Weekend,The Rebels,,,,,,,,,,,,,,,,,,,
27,1963,Jimmy Soul,If You Wanna Be Happy,Jimmy Soul,36.4268,-77.5976,"Weldon, NC, US",acoustic,studio,,0.0,0.954721,0.634462,130.95138,0.597569,0.876657,10,0.641771,-14.993,1,0.047859,92.875,0.946904
28,1963,Lonnie Mack,Memphis Tennessee,Lonnie Mack,,,,,,,,,,,,,,,,,,,
29,1963,Ricky Nelson,Fools Rush In (Where Angels Fear to Tread),Ricky Nelson,,,,,,,,,,,,,,,,,,,
30,1963,Rolf Harris,Tie Me Kangaroo Down Sport,Rolf Harris,-31.953,115.857,"Perth, Western Australia, AU",studio,electric,vocal,0.0,0.3694,0.664438,168.60712,0.54294,0.0,9,0.097159,-13.4,1,0.553627,93.621,0.587804
31,1964,The Honeycombs,Have I the Right?,The Honeycombs,,,,,,,,,,,,,,,,,,,
32,1964,Betty Everett & Jerry Butler,Let It Be Me,Betty Everett & Jerry Butler,,,,,,,,,,,,,,,,,,,
33,1964,Stan Getz & Astrud Gilberto,The Girl from Ipanema,Stan Getz & Astrud Gilberto,,,,,,,,,,,,,,,,,,,
34,1964,Ricky Nelson,For You,Ricky Nelson,,,,,,,,,,,,,,,,,,,
35,1965,Junior Walker & the All Stars,Shotgun,Junior Walker & the All Stars,,,,,,,,,,,,,,,,,,,
36,1965,Johnny Rivers,The Seventh Son,Johnny Rivers,,,,,,,,,,,,,,,,,,,
37,1965,"Dino,  Desi & Billy",Im a Fool,"Dino,  Desi & Billy",,,,,,,,,,,,,,,,,,,
38,1966,The Four Tops,Reach Out Ill Be There,The Four Tops,,,,,,,,,,,,,,,,,,,
39,1966,? & the Mysterians,96 Tears,? & the Mysterians,-36.8841,174.77,"Auckland, Auckland, NZ",studio,vocal,,0.0,0.848757,0.664363,137.94395,0.417864,0.336807,0,0.283809,-11.683,1,0.050499,127.579,0.964175
40,1966,Nancy Sinatra,These Boots Are Made for Walkin,Nancy Sinatra,40.7174,-74.0432,"Jersey City, NJ, US",studio,electric,vocal,0.0,0.281019,0.628324,162.50776,0.589209,6.9e-05,9,0.249145,-8.615,1,0.072236,165.844,0.55138
41,1966,Sam the Sham,Lil Red Riding Hood,Sam the Sham,41.36768,-82.105843,"Elyria,Ohio,United States",studio,vocal,,0.0,0.721693,0.764961,163.5181,0.233533,0.0,2,0.155914,-14.999,1,0.047507,122.004,0.553416
42,1966,The Capitols,Cool Jerk,The Capitols,42.3317,-83.0479,"Detroit, MI, US",studio,electric,vocal,0.0,0.022901,0.656236,154.97288,0.525099,0.0,11,0.095106,-13.64,1,0.279774,85.598,0.360712
43,1966,Carla Thomas,B-A-B-Y,Carla Thomas,35.169255,-89.990415,"Memphis, TN",live,vocal,,0.0,0.727249,0.603047,377.0,0.723358,6e-06,9,0.967014,-7.819,1,0.113631,120.376,0.746396
44,1966,Robert Parker,Barefootin,Robert Parker,29.9537,-90.0777,"New Orleans, LA, US",studio,electric,vocal,0.0,0.094882,0.599736,247.31574,0.843105,6.5e-05,1,0.040256,-9.73,1,0.139845,149.854,0.785278
45,1966,Paul Revere & the Raiders,Just Like Me,Paul Revere & the Raiders,,,,,,,,,,,,,,,,,,,
46,1966,Ray Conniff Singers,Somewhere My Love,Ray Conniff Singers,,,,,,,,,,,,,,,,,,,
47,1966,The Shades of Blue,Oh How Happy,The Shades of Blue,,,,,,,,,,,,,,,,,,,
48,1966,Paul Revere & the Raiders,Hungry,Paul Revere & the Raiders,,,,,,,,,,,,,,,,,,,
49,1966,Wilson Pickett,"634-5789 (Soulsville, U.S.A.)",Wilson Pickett,,,,,,,,,,,,,,,,,,,
50,1967,Frank & Nancy Sinatra,Somethin Stupid,Frank & Nancy Sinatra,,,,,,,,,,,,,,,,,,,
51,1967,The Young Rascals,Groovin,The Young Rascals,40.881,-74.1148,"Garfield, NJ, US",studio,vocal,,0.0,0.58965,0.613243,146.39946,0.21997,0.0,5,0.14351,-18.61,0,0.041222,106.663,0.631544
52,1967,Marvin Gaye & Tammi Terrell,Your Precious Love,Marvin Gaye & Tammi Terrell,,,,,,,,,,,,,,,,,,,
53,1967,Booker T & the M.G.s,Groovin,Booker T & the M.G.s,,,,,,,,,,,,,,,,,,,
54,1967,Marvin Gaye & Tammi Terrell,Aint No Mountain High Enough,Marvin Gaye & Tammi Terrell,,,,,,,,,,,,,,,,,,,
55,1967,Bill Cosby,Little Ole Man (Uptight Everythings Alright),Bill Cosby,,,,,,,,,,,,,,,,,,,
56,1968,O. C. Smith,Little Green Apples,O. C. Smith,,,,,,,,,,,,,,,,,,,
57,1968,Marvin Gaye & Tammi Terrell,Aint Nothing Like the Real Thing,Marvin Gaye & Tammi Terrell,,,,,,,,,,,,,,,,,,,
58,1968,The Bee Gees,Ive Gotta Get a Message to You,The Bee Gees,,,,,,,,,,,,,,,,,,,
59,1968,Tommy Boyce & Bobby Hart,I Wonder What Shes Doing Tonight,Tommy Boyce & Bobby Hart,,,,,,,,,,,,,,,,,,,
60,1968,Marvin Gaye & Tammi Terrell,Youre All I Need to Get By,Marvin Gaye & Tammi Terrell,,,,,,,,,,,,,,,,,,,
61,1969,The Beatles with Billy Preston,Get Back,The Beatles with Billy Preston,,,,,,,,,,,,,,,,,,,
62,1969,The Guess Who,These Eyes,The Guess Who,,,,,,,,,,,,,,,,,,,
63,1969,The Watts 103rd Street Rhythm Band,Do Your Thing,The Watts 103rd Street Rhythm Band,,,,,,,,,,,,,,,,,,,
64,1969,Sammy Davis  Jr.,Ive Gotta Be Me,Sammy Davis  Jr.,,,,,,,,,,,,,,,,,,,
65,1969,Mama Cass Elliot,Its Getting Better,Mama Cass Elliot,,,,,,,,,,,,,,,,,,,
66,1969,Booker T & the M.G.s,Time is Tight,Booker T & the M.G.s,,,,,,,,,,,,,,,,,,,
67,1969,The Supremes & The Temptations,Im Gonna Make You Love Me,The Supremes & The Temptations,,,,,,,,,,,,,,,,,,,
68,1969,Crazy Elephant,Gimme Gimme Good Lovin,Crazy Elephant,,,,,,,,,,,,,,,,,,,
69,1969,Booker T & the M.G.s,Hang Em High,Booker T & the M.G.s,,,,,,,,,,,,,,,,,,,
70,1969,Paul Revere & the Raiders,"Mr. Sun, Mr. Moon",Paul Revere & the Raiders,,,,,,,,,,,,,,,,,,,
71,1969,The Guess Who,Laughing,The Guess Who,,,,,,,,,,,,,,,,,,,
72,1969,Paul Revere & the Raiders,Let Me,Paul Revere & the Raiders,,,,,,,,,,,,,,,,,,,
73,1970,The Guess Who,American Woman,The Guess Who,,,,,,,,,,,,,,,,,,,
74,1970,Eric Burdon & War,Spill the Wine,Eric Burdon & War,,,,,,,,,,,,,,,,,,,
75,1970,Kenny Rogers & The First Edition,Somethings Burning,Kenny Rogers & The First Edition,37.2719,-119.27,"California, US",studio,electric,vocal,0.0,0.150882,0.402616,237.37333,0.287211,0.009918,9,0.106403,-16.524,1,0.031606,90.049,0.460693
76,1970,Alive N Kickin,"Tighter, Tighter",Alive N Kickin,,,,,,,,,,,,,,,,,,,
77,1970,The Four Tops,Still Water (Love),The Four Tops,,,,,,,,,,,,,,,,,,,
78,1970,Frijid Pink,The House of the Rising Sun,Frijid Pink,,,,,,,,,,,,,,,,,,,
79,1970,The Brotherhood of Man,United We Stand,The Brotherhood of Man,,,,,,,,,,,,,,,,,,,
80,1970,The Guess Who,No Time,The Guess Who,,,,,,,,,,,,,,,,,,,
81,1970,100 Proof (Aged in Soul),Somebodys Been Sleeping,100 Proof (Aged in Soul),,,,,,,,,,,,,,,,,,,
82,1970,Tom Jones,Without Love (There Is Nothing),Tom Jones,,,,,,,,,,,,,,,,,,,
83,1971,Paul Revere & the Raiders,Indian Reservation (The Lament of the Cherokee Reservation Indian),Paul Revere & the Raiders,,,,,,,,,,,,,,,,,,,
84,1971,Paul & Linda McCartney,Uncle Albert/Admiral Halsey,Paul & Linda McCartney,,,,,,,,,,,,,,,,,,,
85,1971,Murray Head & The Trindad Singers,Superstar,Murray Head & The Trindad Singers,,,,,,,,,,,,,,,,,,,
86,1971,Ocean,Put Your Hand in the Hand,Ocean,34.235,-77.946,"Wilmington, NC, US",studio,electric,vocal,0.0,0.04889,0.833118,176.70667,0.474657,0.000104,9,0.075902,-14.951,1,0.040293,136.384,0.976598
87,1971,Cher,"Gypsys, Tramps & Thieves",Cher,,,,,,,,,,,,,,,,,,,
88,1971,Delaney & Bonnie & Friends,Never Ending Song of Love,Delaney & Bonnie & Friends,,,,,,,,,,,,,,,,,,,
89,1971,The Honey Cone,Stick-Up,The Honey Cone,,,,,,,,,,,,,,,,,,,
90,1971,Paul Stookey,The Wedding Song (There Is Love),Paul Stookey,,,,,,,,,,,,,,,,,,,
91,1971,Perry Como,Somos Novios (Its Impossible),Perry Como,,,,,,,,,,,,,,,,,,,
92,1972,The 5th Dimension,(Last Night) I Didnt Get to Sleep at All,The 5th Dimension,,,,,,,,,,,,,,,,,,,
93,1972,Arlo Guthrie,City of New Orleans,Arlo Guthrie,42.366,-73.1163,"Washington, MA, US",childrens,vocal,,0.0,0.745828,0.450571,260.17333,0.459851,0.006812,5,0.727552,-9.06,1,0.026902,83.973,0.310522
94,1972,Ricky Nelson,Garden Party,Ricky Nelson,,,,,,,,,,,,,,,,,,,
95,1972,Roberta Flack & Donny Hathaway,Where Is the Love,Roberta Flack & Donny Hathaway,,,,,,,,,,,,,,,,,,,
96,1972,Dr. Hook & The Medicine Show,Sylvias Mother,Dr. Hook & The Medicine Show,,,,,,,,,,,,,,,,,,,
97,1972,Jerry Butler & Brenda Lee Eager,Aint Understanding Mellow,Jerry Butler & Brenda Lee Eager,,,,,,,,,,,,,,,,,,,
98,1972,Beverly Bremers,Dont Say You Dont Remember,Beverly Bremers,,,,,,,,,,,,,,,,,,,
99,1972,Original Cast of Godspell,Day by Day,Original Cast of Godspell,,,,,,,,,,,,,,,,,,,
100,1972,The Hillside Singers,Id Like to Teach the World to Sing (In Perfect Harmony),The Hillside Singers,,,,,,,,,,,,,,,,,,,
101,1973,Paul McCartney & Wings,My Love,Paul McCartney & Wings,,,,,,,,,,,,,,,,,,,
102,1973,Dr. Hook & The Medicine Show,The Cover of the Rolling Stone,Dr. Hook & The Medicine Show,,,,,,,,,,,,,,,,,,,
103,1973,Paul McCartney & Wings,Live and Let Die,Paul McCartney & Wings,,,,,,,,,,,,,,,,,,,
104,1973,The Four Tops,Aint No Woman (Like the One Ive Got),The Four Tops,,,,,,,,,,,,,,,,,,,
105,1973,Eric Weissberg & Steve Mandell,Dueling Banjos,Eric Weissberg & Steve Mandell,,,,,,,,,,,,,,,,,,,
106,1973,Helen Reddy,Peaceful,Helen Reddy,-37.816667,144.966667,"melbourne, australia",studio,electric,vocal,0.0,0.202352,0.498093,170.33333,0.327027,4e-06,7,0.147576,-14.001,1,0.029726,139.568,0.48791
107,1973,Blue Ridge Rangers,Jambalaya (On the Bayou),Blue Ridge Rangers,,,,,,,,,,,,,,,,,,,
108,1974,Aretha Franklin,Until You Come Back to Me (Thats What Im Gonna Do),Aretha Franklin,,,,,,,,,,,,,,,,,,,
109,1974,Jim Stafford,Spiders and Snakes,Jim Stafford,,,,,,,,,,,,,,,,,,,
110,1974,Paul McCartney & Wings,Band on the Run,Paul McCartney & Wings,,,,,,,,,,,,,,,,,,,
111,1974,The Hues Corporation,Rock the Boat,The Hues Corporation,,,,,,,,,,,,,,,,,,,
112,1974,Carly Simon & James Taylor,Mockingbird,Carly Simon & James Taylor,,,,,,,,,,,,,,,,,,,
113,1974,Paul McCartney & Wings,Jet,Paul McCartney & Wings,,,,,,,,,,,,,,,,,,,
114,1974,Donny,Im Leaving It Up to You,Donny,,,,,,,,,,,,,,,,,,,
115,1974,The Guess Who,Clap for the Wolfman,The Guess Who,,,,,,,,,,,,,,,,,,,
116,1974,Sister Janet Mead,The Lords Prayer,Sister Janet Mead,,,,,,,,,,,,,,,,,,,
117,1974,Diana Ross & Marvin Gaye,My Mistake (Was to Love You),Diana Ross & Marvin Gaye,,,,,,,,,,,,,,,,,,,
118,1974,Paul McCartney & Wings,Helen Wheels,Paul McCartney & Wings,,,,,,,,,,,,,,,,,,,
119,1974,Jim Stafford,Wildwood Weed,Jim Stafford,,,,,,,,,,,,,,,,,,,
120,1974,The First Class,Beach Baby,The First Class,,,,,,,,,,,,,,,,,,,
121,1975,Minnie Riperton,Lovin You,Minnie Riperton,41.88531,-87.62213,"Chicago, IL",acoustic,studio,vocal,0.0,0.925647,0.485008,197.08,0.322448,1e-06,9,0.105882,-7.357,1,0.036453,123.557,0.343732
122,1975,Bazuka,Dynomite,Bazuka,,,,,,,,,,,,,,,,,,,
123,1975,Paul Anka & Odia Coates,One Man Woman/One Woman Man,Paul Anka & Odia Coates,,,,,,,,,,,,,,,,,,,
124,1975,Donny & Marie Osmond,Morning Side of the Mountain,Donny & Marie Osmond,,,,,,,,,,,,,,,,,,,
125,1975,Grand Funk Railroad,Some Kind of Wonderful,Grand Funk Railroad,43.0026,-83.7826,"Flint, MI, US",electric,vocal,,0.0,0.098487,0.534892,238.4,0.636649,1e-06,2,0.74055,-7.703,1,0.038259,119.25,0.151828
126,1975,John Denver,Im Sorry,John Denver,,,,,,,,,,,,,,,,,,,
127,1975,Paul McCartney & Wings,Juniors Farm,Paul McCartney & Wings,,,,,,,,,,,,,,,,,,,
128,1975,Neil Sedaka & Elton John,Bad Blood,Neil Sedaka & Elton John,,,,,,,,,,,,,,,,,,,
129,1975,Disco-Tex,Get Dancin,Disco-Tex,42.8122,-73.941,"Schenectady, NY, US",studio,,,0.0,0.850928,0.63162,230.66077,0.577171,0.428335,7,0.306833,-11.828,1,0.068798,105.255,0.756682
130,1976,Elton John & Kiki Dee,Dont Go Breaking My Heart,Elton John & Kiki Dee,,,,,,,,,,,,,,,,,,,
131,1976,Walter Murphy & The Big Apple Band,A Fifth of Beethoven,Walter Murphy & The Big Apple Band,,,,,,,,,,,,,,,,,,,
132,1976,Diana Ross,Love Hangover,Diana Ross,42.347021,-83.060184,"Detroit, MI ",studio,vocal,,0.0,0.48919,0.506379,459.10621,0.761675,0.003769,1,0.063146,-7.691,1,0.041603,112.374,0.877041
133,1976,The Bellamy Brothers,Let Your Love Flow,The Bellamy Brothers,,,,,,,,,,,,,,,,,,,
134,1976,Donny & Marie Osmond,Deep Purple,Donny & Marie Osmond,,,,,,,,,,,,,,,,,,,
135,1976,Fleetwood Mac,Say You Love Me,Fleetwood Mac,51.5072648,-0.1278328,"London, England",studio,electric,vocal,0.0,0.077369,0.684072,235.02322,0.565374,0.00907,9,0.110451,-15.812,1,0.029709,129.78,0.924165
136,1976,C. W. McCall,Convoy,C. W. McCall,,,,,,,,,,,,,,,,,,,
137,1976,Wing,Baby Face,Wing,,,,,,,,,,,,,,,,,,,
138,1976,Keith Carradine,Im Easy,Keith Carradine,,,,,,,,,,,,,,,,,,,
139,1976,Rick Dees & His Cast of Idiots,Disco Duck,Rick Dees & His Cast of Idiots,,,,,,,,,,,,,,,,,,,
140,1977,Hot,Angel in Your Arms,Hot,,,,,,,,,,,,,,,,,,,
141,1977,ABBA,Dancing Queen,ABBA,59.3333333,18.05,"Stockholm, Sweden ",live,electric,vocal,0.0,0.320262,0.506845,227.81932,0.775787,2.7e-05,9,1.0,-12.22,1,0.047974,107.418,0.509409
142,1977,Peter McCann,Do You Wanna Make Love,Peter McCann,,,,,,,,,,,,,,,,,,,
143,1977,"Bill Conti,  DeEtta Little",Gonna Fly Now,"Bill Conti,  DeEtta Little",,,,,,,,,,,,,,,,,,,
144,1977,Steve Miller Band,Fly Like an Eagle,Steve Miller Band,,,,,,,,,,,,,,,,,,,
145,1977,Johnny Rivers,Swayin to the Music (Slow Dancing),Johnny Rivers,,,,,,,,,,,,,,,,,,,
146,1977,Bob Seger & The Silver Bullet Band,Night Moves,Bob Seger & The Silver Bullet Band,,,,,,,,,,,,,,,,,,,
147,1977,Lord David Dundas,Jeans On,Lord David Dundas,,,,,,,,,,,,,,,,,,,
148,1977,C.J. & Company,Devils Gun,C.J. & Company,,,,,,,,,,,,,,,,,,,
149,1978,John Travolta & Olivia Newton-John,Youre the One That I Want,John Travolta & Olivia Newton-John,,,,,,,,,,,,,,,,,,,
150,1978,Johnny Mathis & Deniece Williams,"Too Much, Too Little, Too Late",Johnny Mathis & Deniece Williams,,,,,,,,,,,,,,,,,,,
151,1978,Roberta Flack & Donny Hathaway,The Closer I Get to You,Roberta Flack & Donny Hathaway,,,,,,,,,,,,,,,,,,,
152,1978,Bob Seger & The Silver Bullet Band,Still the Same,Bob Seger & The Silver Bullet Band,,,,,,,,,,,,,,,,,,,
153,1978,John Travolta & Olivia Newton-John,Summer Nights,John Travolta & Olivia Newton-John,,,,,,,,,,,,,,,,,,,
154,1978,Patti Smith Group,Because the Night,Patti Smith Group,,,,,,,,,,,,,,,,,,,
155,1978,LeBlanc & Carr,Falling,LeBlanc & Carr,,,,,,,,,,,,,,,,,,,
156,1978,Kenny Loggins & Stevie Nicks,Whenever I Call You Friend,Kenny Loggins & Stevie Nicks,,,,,,,,,,,,,,,,,,,
157,1978,Bob Welch,Ebony Eyes,Bob Welch,34.0535,-118.245,"Los Angeles, CA, US",studio,electric,vocal,0.0,0.003082,0.605136,210.61333,0.894672,6.9e-05,11,0.162737,-4.347,1,0.031577,117.023,0.927231
158,1978,Bob Seger & The Silver Bullet Band,Hollywood Nights,Bob Seger & The Silver Bullet Band,,,,,,,,,,,,,,,,,,,
159,1979,Dr. Hook & The Medicine Show,When Youre in Love with a Beautiful Woman,Dr. Hook & The Medicine Show,,,,,,,,,,,,,,,,,,,
160,1979,Neil Diamond & Barbra Streisand,You Dont Bring Me Flowers,Neil Diamond & Barbra Streisand,,,,,,,,,,,,,,,,,,,
161,1979,Suzi Quatro & Chris Norman,Stumblin In,Suzi Quatro & Chris Norman,,,,,,,,,,,,,,,,,,,
162,1979,Dr. Hook & The Medicine Show,Sharing the Night Together,Dr. Hook & The Medicine Show,,,,,,,,,,,,,,,,,,,
163,1979,Kenny Rogers,She Believes in Me,Kenny Rogers,29.7605,-95.3698,"Houston, TX, US",studio,vocal,,0.0,0.81574,0.365233,258.93333,0.359494,5.8e-05,10,0.145048,-9.753,1,0.027722,144.111,0.222511
164,1979,Frank Mills,Music Box Dancer,Frank Mills,43.6486,-79.3853,"Toronto, Ontario, CA",studio,electric,,0.0,0.203965,0.484943,191.93333,0.690517,0.819469,1,0.110972,-7.003,1,0.03391,133.291,0.841247
165,1979,"Earth, Wind & Fire & The Emotions",Boogie Wonderland,"Earth, Wind & Fire & The Emotions",,,,,,,,,,,,,,,,,,,
166,1979,GQ,Disco Nights (Rock-Freak),GQ,,,,,,,,,,,,,,,,,,,
167,1979,Linda Ronstadt,Ooo Baby Baby,Linda Ronstadt,,,,,,,,,,,,,,,,,,,
168,1979,Bob Seger & The Silver Bullet Band,Weve Got Tonight,Bob Seger & The Silver Bullet Band,,,,,,,,,,,,,,,,,,,
169,1979,Nigel Olsson,Dancin Shoes,Nigel Olsson,53.4238,-3.06523,"Wallasey, England, GB",studio,electric,vocal,0.0,0.017765,0.328938,245.06667,0.383364,2.4e-05,3,0.044648,-13.55,1,0.034107,202.001,0.502766
170,1979,GQ,I Do Love You,GQ,,,,,,,,,,,,,,,,,,,
171,1980,Pink Floyd,Another Brick in the Wall Part II,Pink Floyd,,,,,,,,,,,,,,,,,,,
172,1980,Teri DeSario & KC,Yes Im Ready,Teri DeSario & KC,,,,,,,,,,,,,,,,,,,
173,1980,Kenny Loggins,This Is It,Kenny Loggins,47.9791667,-122.2008333,"Everett, WA, US ",electric,vocal,,0.0,0.253428,0.501805,258.4381,0.416494,3e-06,5,0.709101,-12.63,0,0.035007,95.873,0.375212
174,1980,Kenny Rogers & Kim Carnes,Dont Fall in Love with a Dreamer,Kenny Rogers & Kim Carnes,,,,,,,,,,,,,,,,,,,
175,1980,The SOS Band,Take Your Time (Do It Right),The SOS Band,,,,,,,,,,,,,,,,,,,
176,1980,Barbra Streisand & Donna Summer,No More Tears (Enough Is Enough),Barbra Streisand & Donna Summer,,,,,,,,,,,,,,,,,,,
177,1980,The Pretenders,Brass in Pocket,The Pretenders,51.5072648,-0.1278328,"London , UK",studio,vocal,,0.00511357780088,0.481794,0.713724,226.17333,0.705947,3.1e-05,2,0.089521,-6.553,1,0.028013,89.381,0.772018
178,1980,Benny Mardones,Into the Night,Benny Mardones,41.5047,-81.6907,"Cleveland, OH, US",studio,vocal,,0.0,0.492999,0.344284,394.02667,0.612633,0.000133,10,0.657121,-7.411,0,0.032489,168.437,0.568074
179,1980,Neil & Dara Sedaka,Shouldve Never Let You Go,Neil & Dara Sedaka,,,,,,,,,,,,,,,,,,,
180,1980,Peaches & Herb,I Pledge My Love,Peaches & Herb,38.8991,-77.029,"Washington, DC, US",studio,vocal,,0.0,0.690913,0.523395,250.84,0.436182,0.0,5,0.102567,-10.105,1,0.031528,180.25,0.504551
181,1981,Diana Ross & Lionel Richie,Endless Love,Diana Ross & Lionel Richie,,,,,,,,,,,,,,,,,,,
182,1981,Joey Scarbury,Theme from The Greatest American Hero (Believe It or Not),Joey Scarbury,,,,,,,,,,,,,,,,,,,
183,1981,Grover Washington  Jr. & Bill Withers,Just the Two of Us,Grover Washington  Jr. & Bill Withers,,,,,,,,,,,,,,,,,,,
184,1981,Barbra Streisand & Barry Gibb,Guilty,Barbra Streisand & Barry Gibb,,,,,,,,,,,,,,,,,,,
185,1981,The Manhattan Transfer,The Boy from New York City,The Manhattan Transfer,,,,,,,,,,,,,,,,,,,
186,1981,The Greg Kihn Band,The Breakup Song (They Dont Write Em),The Greg Kihn Band,,,,,,,,,,,,,,,,,,,
187,1981,Dottie West & Kenny Rogers,What Are We Doin in Love,Dottie West & Kenny Rogers,,,,,,,,,,,,,,,,,,,
188,1981,Stevie Nicks & Tom Petty,Stop Draggin My Heart Around,Stevie Nicks & Tom Petty,,,,,,,,,,,,,,,,,,,
189,1981,John Cougar,Aint Even Done With The Night,John Cougar,,,,,,,,,,,,,,,,,,,
190,1981,George Duke & Stanley Clarke,Sweet Baby,George Duke & Stanley Clarke,,,,,,,,,,,,,,,,,,,
191,1981,Barbra Streisand & Barry Gibb,What Kind of Fool,Barbra Streisand & Barry Gibb,,,,,,,,,,,,,,,,,,,
192,1981,Olivia Newton-John & Cliff Richard,Suddenly,Olivia Newton-John & Cliff Richard,,,,,,,,,,,,,,,,,,,
193,1981,The Beach Boys,The Beach Boys Medley,The Beach Boys,,,,,,,,,,,,,,,,,,,
194,1981,Gary Wright,Really Wanna Know You,Gary Wright,,,,,,,,,,,,,,,,,,,
195,1982,John Cougar,Jack & Diane,John Cougar,,,,,,,,,,,,,,,,,,,
196,1982,John Cougar,Hurts So Good,John Cougar,,,,,,,,,,,,,,,,,,,
197,1982,Stevie Wonder,That Girl,Stevie Wonder,42.347021,-83.060184,Detroit Michigan,studio,electric,vocal,0.0,0.093897,0.791281,313.84,0.688991,1.4e-05,6,0.058941,-9.014,1,0.046294,106.974,0.896006
198,1982,Daryl Hall & John Oates,Did It in a Minute,Daryl Hall & John Oates,,,,,,,,,,,,,,,,,,,
199,1982,Joan Jett & The Blackhearts,Crimson and Clover,Joan Jett & The Blackhearts,,,,,,,,,,,,,,,,,,,
200,1982,Billy Idol,Hot in the City,Billy Idol,51.5561,-0.25969,"Middlesex, England, GB",studio,electric,vocal,0.0,0.001322,0.67325,235.23156,0.507643,0.000131,7,0.242219,-17.749,1,0.032933,111.213,0.80224
201,1982,Michael Murphey,Whats Forever For,Michael Murphey,,,,,,,,,,,,,,,,,,,
202,1982,Stevie Nicks,Edge of Seventeen (Just Like the White Winged Dove),Stevie Nicks,,,,,,,,,,,,,,,,,,,
203,1983,Bob Seger & The Silver Bullet Band,Shame on the Moon,Bob Seger & The Silver Bullet Band,,,,,,,,,,,,,,,,,,,
204,1983,The Greg Kihn Band,Jeopardy,The Greg Kihn Band,,,,,,,,,,,,,,,,,,,
205,1983,Adam Ant,Goody Two-Shoes,Adam Ant,51.5063,-0.12714,"London, England, GB",studio,electric,,0.0,0.001807,0.65348,209.98667,0.950705,0.560491,4,0.030661,-5.899,0,0.090076,95.781,0.744849
206,1983,Laura Branigan,Solitaire,Laura Branigan,,,,,,,,,,,,,,,,,,,
207,1983,Daryl Hall & John Oates,Family Man,Daryl Hall & John Oates,,,,,,,,,,,,,,,,,,,
208,1983,Eric Clapton,Ive Got a Rock n Roll Heart,Eric Clapton,,,,,,,,,,,,,,,,,,,
209,1984,Daryl Hall & John Oates,Say It Isnt So,Daryl Hall & John Oates,,,,,,,,,,,,,,,,,,,
210,1984,Olivia Newton-John,Twist of Fate,Olivia Newton-John,-37.816667,144.966667,"Melbourne, Australia",studio,electric,vocal,0.0,0.394578,0.584319,222.63388,0.866666,4.6e-05,1,0.428586,-4.387,0,0.041799,163.717,0.697799
211,1984,Kenny Rogers,Islands in the Stream,Kenny Rogers,,,,,,,,,,,,,,,,,,,
212,1984,KC & the Sunshine Band,Give It Up,KC & the Sunshine Band,,,,,,,,,,,,,,,,,,,
213,1984,John Cougar Mellencamp,Pink Houses,John Cougar Mellencamp,,,,,,,,,,,,,,,,,,,
214,1985,USA for Africa,We Are the World,USA for Africa,,,,,,,,,,,,,,,,,,,
215,1985,Stevie Wonder,Part-Time Lover,Stevie Wonder,42.347021,-83.060184,Detroit Michigan,studio,electric,vocal,0.0,0.210516,0.680346,255.46667,0.641784,0.0,10,0.055058,-12.277,0,0.045183,174.827,0.961086
216,1985,Jack Wagner,All I Need,Jack Wagner,38.5535,-91.0011,"Washington, MO, US",studio,electric,vocal,0.0,0.147059,0.439376,207.70667,0.638305,0.0,9,0.10732,-4.253,1,0.026948,140.497,0.259445
217,1985,Phil Collins,Dont Lose My Number,Phil Collins,,,,,,,,,,,,,,,,,,,
218,1985,John Cougar Mellencamp,Lonely Ol Night,John Cougar Mellencamp,,,,,,,,,,,,,,,,,,,
219,1986,Miami Sound Machine,Words Get in the Way,Miami Sound Machine,,,,,,,,,,,,,,,,,,,
220,1986,John Cougar Mellencamp,R.O.C.K. in the U.S.A.,John Cougar Mellencamp,,,,,,,,,,,,,,,,,,,
221,1986,John Cougar Mellencamp,Small Town,John Cougar Mellencamp,,,,,,,,,,,,,,,,,,,
222,1986,Starpoint,Object of My Desire,Starpoint,40.7146,-74.0071,"New York, NY, US",studio,electric,vocal,0.0,0.031288,0.761453,233.06404,0.576215,0.001882,8,0.122742,-15.449,1,0.048879,115.947,0.84535
223,1986,Force MDs,Tender Love,Force MDs,,,,,,,,,,,,,,,,,,,
224,1987,Bob Seger,Shakedown,Bob Seger,,,,,,,,,,,,,,,,,,,
225,1987,Michael Jackson with Siedah Garrett,I Just Cant Stop Loving You,Michael Jackson with Siedah Garrett,,,,,,,,,,,,,,,,,,,
226,1988,The Bangles,A Hazy Shade of Winter,The Bangles,,,,,,,,,,,,,,,,,,,
227,1988,Pet Shop Boys with Dusty Springfield,What Have I Done to Deserve This?,Pet Shop Boys with Dusty Springfield,,,,,,,,,,,,,,,,,,,
228,1988,Roger Troutman,I Want to Be Your Man,Roger Troutman,,,,,,,,,,,,,,,,,,,
229,1988,Daryl Hall & John Oates,Everything Your Heart Desires,Daryl Hall & John Oates,,,,,,,,,,,,,,,,,,,
230,1988,John Cougar Mellencamp,Cherry Bomb,John Cougar Mellencamp,,,,,,,,,,,,,,,,,,,
231,1989,Will to Power,"Baby, I Love Your Way/Freebird Medley",Will to Power,,,,,,,,,,,,,,,,,,,
232,1989,Edie Brickell & New Bohemians,What I Am,Edie Brickell & New Bohemians,,,,,,,,,,,,,,,,,,,
233,1989,Ann Wilson,Surrender To Me,Ann Wilson,,,,,,,,,,,,,,,,,,,
234,1990,Jon Bon Jovi,Blaze of Glory,Jon Bon Jovi,,,,,,,,,,,,,,,,,,,
235,1990,The B-52s,Roam,The B-52s,,,,,,,,,,,,,,,,,,,
236,1990,The B-52s,Love Shack,The B-52s,,,,,,,,,,,,,,,,,,,
237,1991,Mariah Carey,Someday,Mariah Carey,40.714269,-74.005973,"New York, NY",studio,electric,vocal,0.0,0.205733,0.684881,246.10667,0.818829,2e-06,1,0.025147,-8.686,0,0.040483,109.855,0.933882
238,1991,DJ Jazzy Jeff & The Fresh Prince,Summertime,DJ Jazzy Jeff & The Fresh Prince,,,,,,,,,,,,,,,,,,,
239,1991,Rythm Syndicate,P.A.S.S.I.O.N.,Rythm Syndicate,,,,,,,,,,,,,,,,,,,
240,1991,Prince,Cream,Prince,,,,,,,,,,,,,,,,,,,
241,1991,Jesus Jones,Real Real Real,Jesus Jones,51.25,-1.916667,"Bradford-on-Avon, Wiltshire, England",studio,electric,vocal,0.0,0.047847,0.596331,188.76,0.547294,4.9e-05,0,0.156984,-13.136,1,0.033135,110.209,0.688005
242,1992,Jodeci,Come and Talk to Me,Jodeci,35.26002,-80.804151,"Charlotte, NC ",remix,studio,electric,0.0,0.029174,0.715275,293.92,0.724631,2.4e-05,11,0.184539,-5.207,0,0.322442,172.194,0.662006
243,1992,Shakespears Sister,Stay,Shakespears Sister,,,,,,,,,,,,,,,,,,,
244,1992,Hammer,2 Legit 2 Quit,Hammer,,,,,,,,,,,,,,,,,,,
245,1993,Prince,7,Prince,,,,,,,,,,,,,,,,,,,
246,1993,DJ Jazzy Jeff & The Fresh Prince,Boom! Shake the Room,DJ Jazzy Jeff & The Fresh Prince,,,,,,,,,,,,,,,,,,,
247,1993,Dino,O-o-h Child,Dino,,,,,,,,,,,,,,,,,,,
248,1994,"Bryan Adams,  Rod Stewart",All for Love,"Bryan Adams,  Rod Stewart",,,,,,,,,,,,,,,,,,,
249,1994,Mariah Carey,Without You / Never Forget You,Mariah Carey,,,,,,,,,,,,,,,,,,,
250,1994,Snoop Doggy Dogg,Gin and Juice,Snoop Doggy Dogg,,,,,,,,,,,,,,,,,,,
251,1994,Immature,Never Lie,Immature,,,,,,,,,,,,,,,,,,,
252,1994,Snoop Doggy Dogg,Whats My Name?,Snoop Doggy Dogg,,,,,,,,,,,,,,,,,,,
253,1994,Ini Kamoze,Here Comes the Hotstepper,Ini Kamoze,18.2788,-76.8842,"Saint Mary, JM",studio,electric,vocal,0.0,0.023256,0.883807,249.82667,0.571007,0.000133,7,0.190612,-5.488,1,0.149404,100.359,0.433078
254,1995,The Notorious B.I.G.,One More Chance,The Notorious B.I.G.,40.714269,-74.005973,"New York, NY",remix,studio,electric,0.0,0.342751,0.838733,373.37333,0.933162,0.0,0,0.294996,-3.563,1,0.20248,96.167,0.601876
255,1995,Method Man,Ill Be There for You/Youre All I Need to Get By,Method Man,,,,,,,,,,,,,,,,,,,
256,1995,4 P.M.,Sukiyaki,4 P.M.,,,,,,,,,,,,,,,,,,,
257,1995,Immature,Constantly,Immature,,,,,,,,,,,,,,,,,,,
258,1996,Los del Rio,Macarena (Bayside Boys Mix),Los del Rio,,,,,,,,,,,,,,,,,,,
259,1996,Toni Braxton,You're Makin' Me High / Let It Flow,Toni Braxton,,,,,,,,,,,,,,,,,,,
260,1996,Whitney Houston,Exhale (Shoop Shoop),Whitney Houston,,,,,,,,,,,,,,,,,,,
261,1996,Gin Blossoms,Follow You Down / Til I Hear It from You,Gin Blossoms,,,,,,,,,,,,,,,,,,,
262,1996,2Pac,How Do U Want It / California Love,2Pac,,,,,,,,,,,,,,,,,,,
263,1996,Alanis Morissette,You Learn / You Oughta Know,Alanis Morissette,,,,,,,,,,,,,,,,,,,
264,1996,Monica,Before You Walk Out of My Life / Like This and Like That,Monica,,,,,,,,,,,,,,,,,,,
265,1996,Monica,Why I Love You So Much / Ain't Nobody,Monica,,,,,,,,,,,,,,,,,,,
266,1996,Hootie & the Blowfish,Old Man and Me (When I Get To Heaven),Hootie & the Blowfish,,,,,,,,,,,,,,,,,,,
267,1996,Crucial Conflict,Hay,Crucial Conflict,41.8842,-87.6324,"Chicago, IL, US",studio,electric,vocal,0.0,0.000163,0.605203,260.5971,0.494746,0.0,6,0.248139,-17.742,0,0.077939,70.074,0.846944
268,1997,Elton John,Something About the Way You Look Tonight / Candle in the Wind 1997,Elton John,,,,,,,,,,,,,,,,,,,
269,1997,Jewel,Foolish Games / You Were Meant for Me,Jewel,,,,,,,,,,,,,,,,,,,
270,1997,Keith Sweat,Nobody_(Keith_Sweat_song),Keith Sweat,,,,,,,,,,,,,,,,,,,
271,1997,Toni Braxton,I Don't Want To / I Love Me Some Him,Toni Braxton,,,,,,,,,,,,,,,,,,,
272,1997,Various artists,The Jock Jam,Various artists,,,,,,,,,,,,,,,,,,,
273,1997,Luscious Jackson,Naked Eye,Luscious Jackson,40.79672,-73.962885,"Manhattan, New York",studio,electric,,0.0,0.010496,0.699382,284.62667,0.567939,0.403204,7,0.101399,-12.861,1,0.029113,130.987,0.629504
274,1997,Los del Rio,Macarena (Bayside Boys Mix),Los del Rio,,,,,,,,,,,,,,,,,,,
275,1997,Mr. President,Coco Jambo,Mr. President,,,,,,,,,,,,,,,,,,,
276,1997,The Cranberries,When You're Gone / Free to Decide,The Cranberries,,,,,,,,,,,,,,,,,,,
277,1997,The Blackout All-Stars,I Like It,The Blackout All-Stars,,,,,,,,,,,,,,,,,,,
278,1997,Toni Braxton,You're Makin' Me High / Let It Flow,Toni Braxton,,,,,,,,,,,,,,,,,,,
279,1998,Usher,Nice and Slow,Usher,,,,,,,,,,,,,,,,,,,
280,1998,N Sync,I Want You Back,N Sync,,,,,,,,,,,,,,,,,,,
281,1998,Five,When the Lights Go Out,Five,51.5072648,-0.1278328,"London, England",studio,electric,vocal,0.0,0.027656,0.866549,250.26667,0.780572,0.0,2,0.090213,-6.268,0,0.032973,103.994,0.898052
282,1998,Mase,Feel So Good,Mase,40.8077778,-73.9458333,"Harlem, New York City",studio,electric,vocal,0.0,0.239683,0.782456,195.37333,0.702605,0.0,1,0.136085,-7.803,0,0.253255,105.153,0.557844
283,1998,K. P. & Envyi,Swing My Way,K. P. & Envyi,,,,,,,,,,,,,,,,,,,
284,1998,Pras Michel,Ghetto Supastar (That Is What You Are),Pras Michel,,,,,,,,,,,,,,,,,,,
285,1998,Jewel,Foolish Games / You Were Meant for Me,Jewel,,,,,,,,,,,,,,,,,,,
286,1999,LFO,Summer Girls,LFO,,,,,,,,,,,,,,,,,,,
287,1999,N Sync,(God Must Have Spent) A Little More Time on You,N Sync,,,,,,,,,,,,,,,,,,,
288,1999,Matchbox 20,Back 2 Good,Matchbox 20,,,,,,,,,,,,,,,,,,,
289,1999,Jo Dee Messina,A Lesson in Leavin,Jo Dee Messina,,,,,,,,,,,,,,,,,,,
290,1999,N Sync,Music of My Heart,N Sync,,,,,,,,,,,,,,,,,,,
291,2000,Sisqo,Thong Song,Sisqo,39.2906,-76.6096,"Baltimore, MD, US",studio,electric,vocal,0.0,0.045176,0.714393,244.4,0.89852,0.000224,2,0.466153,-7.335,1,0.055267,121.504,0.675401
292,2000,Christina Aguilera,What a Girl Wants,Christina Aguilera,40.623632,-74.093323,"Staten Island, NY",studio,electric,vocal,0.0,0.005576,0.754356,245.69288,0.916668,0.058163,0,0.06027,-7.031,1,0.03443,129.979,0.661285
293,2000,Brian McKnight,Back at One,Brian McKnight,42.8854,-78.8785,"Buffalo, NY, US",studio,vocal,,0.0,0.876154,0.437696,263.26159,0.151706,0.0,11,0.143807,-15.77,1,0.053105,84.138,0.198879
294,2000,N Sync,Bye Bye Bye,N Sync,,,,,,,,,,,,,,,,,,,
295,2000,N Sync,Its Gonna Be Me,N Sync,,,,,,,,,,,,,,,,,,,
296,2000,Nelly,Country Grammar (Hot Shit),Nelly,,,,,,,,,,,,,,,,,,,
297,2000,Jagged Edge,Lets Get Married,Jagged Edge,,,,,,,,,,,,,,,,,,,
298,2000,Westlife,Swear It Again,Westlife,54.2666667,-8.4833333,"Sligo, Ireland",studio,electric,vocal,0.0,0.310766,0.529959,246.68,0.628514,0.0,9,0.137016,-3.16,1,0.030253,130.118,0.309065
299,2000,LFO,Girl on TV,LFO,,,,,,,,,,,,,,,,,,,
300,2000,Lil Bow Wow,Bounce with Me,Lil Bow Wow,,,,,,,,,,,,,,,,,,,
301,2000,Mary Mary,Shackles (Praise You),Mary Mary,33.956526,-118.358654,"Inglewood, CA",studio,electric,vocal,0.0,0.06769,0.733999,222.81556,0.885495,0.023858,7,0.073003,-5.6,1,0.0953,124.002,0.7067
302,2001,Train,Drops of Jupiter (Tell Me),Train,,,,,,,,,,,,,,,,,,,
303,2001,"Christina Aguilera, Lil Kim, Mya",Lady Marmalade,"Christina Aguilera, Lil Kim, Mya",,,,,,,,,,,,,,,,,,,
304,2001,N Sync,This I Promise You,N Sync,,,,,,,,,,,,,,,,,,,
305,2001,Nelly Furtado,Turn Off the Light,Nelly Furtado,48.433333,-123.35,"Victoria, Canada",studio,electric,vocal,0.0,0.071091,0.739298,241.37556,0.439548,0.001102,7,0.070446,-14.38,1,0.0841,90.18,0.716623
306,2002,N Sync,Girlfriend,N Sync,,,,,,,,,,,,,,,,,,,
307,2002,Ja Rule,Down 4 U,Ja Rule,,,,,,,,,,,,,,,,,,,
308,2002,N Sync,Gone,N Sync,,,,,,,,,,,,,,,,,,,
309,2002,Fat Joe,We Thuggin,Fat Joe,40.714269,-74.005973,"New York, NY",studio,electric,vocal,0.0,0.152275,0.846098,190.12,0.638516,0.0,2,0.206752,-6.122,1,0.263274,102.387,0.853676
310,2003,"Nelly,  P. Diddy",Shake Ya Tailfeather,"Nelly,  P. Diddy",,,,,,,,,,,,,,,,,,,
311,2003,Lil Kim,Magic Stick,Lil Kim,,,,,,,,,,,,,,,,,,,
312,2003,Lumidee,"Never Leave You (Uh Oooh, Uh Oooh)",Lumidee,,,,,,,,,,,,,,,,,,,
313,2003,Ludacris,Stand Up,Ludacris,33.844371,-84.47405,"atlanta, georgia",studio,electric,vocal,0.0,0.258789,0.744538,203.38939,0.840253,0.0,6,0.285679,-4.439,1,0.366561,98.986,0.71934
314,2003,Mya,My Love Is Like...Wo,Mya,,,,,,,,,,,,,,,,,,,
315,2003,Alan Jackson,Its Five OClock Somewhere,Alan Jackson,,,,,,,,,,,,,,,,,,,
316,2004,Lil Jon & the East Side Boyz,Get Low,Lil Jon & the East Side Boyz,,,,,,,,,,,,,,,,,,,
317,2005,Ciara,"1, 2 Step",Ciara,33.844371,-84.47405,"Atlanta, Georgia",studio,electric,,0.0,0.131584,0.757638,282.17424,0.875178,0.503175,7,0.050422,-4.89,0,0.057552,125.997,0.972513
318,2005,Bobby Valentino,Slow Down,Bobby Valentino,51.5063,-0.12714,"London, England, GB",studio,electric,vocal,0.00149134401763,0.3552,0.648183,230.91156,0.509653,1e-06,2,0.259838,-14.316,1,0.101984,93.014,0.693486
319,2005,Young Jeezy,Soul Survivor,Young Jeezy,,,,,,,,,,,,,,,,,,,
320,2006,"Nelly,  Paul Wall",Grillz,"Nelly,  Paul Wall",,,,,,,,,,,,,,,,,,,
321,2006,The Fray,How to Save a Life,The Fray,39.743291,-105.069027,"Denver, CO",studio,vocal,,0.0,0.731419,0.527023,298.23664,0.482415,0.0,7,0.59875,-6.114,0,0.030953,120.869,0.341749
322,2006,Rihanna,Unfaithful,Rihanna,13.1667,-59.5333,"Saint Michael, Barbados",studio,electric,vocal,0.0,0.006226,0.738327,219.11955,0.616672,0.0,1,0.109915,-6.923,1,0.034024,144.021,0.586845
323,2006,Jamie Foxx,Unpredictable,Jamie Foxx,,,,,,,,,,,,,,,,,,,
324,2006,Bon Jovi,Who Says You Cant Go Home,Bon Jovi,,,,,,,,,,,,,,,,,,,
325,2006,Pussycat Dolls,Beep,Pussycat Dolls,34.0535,-118.245,"Los Angeles, CA, US",studio,electric,vocal,0.0,0.003343,0.940216,248.22354,0.475877,2e-06,0,0.122354,-16.001,1,0.049014,103.628,0.491178
326,2006,John Mayer,Waiting on the World to Change,John Mayer,41.308873,-73.363661,"Bridgeport, CT",studio,electric,vocal,0.0,0.158575,0.577325,201.17333,0.755653,0.000232,2,0.249477,-5.82,1,0.11531,176.75,0.679873
327,2006,Young Jeezy,Soul Survivor,Young Jeezy,,,,,,,,,,,,,,,,,,,
328,2007,Akon,Smack That,Akon,40.314,-74.5089,New Jersey,studio,vocal,,0.0,0.474764,0.903377,217.38522,0.777866,0.0,5,0.24604,-5.186,0,0.143986,120.007,0.875661
329,2007,Soulja Boy Tell Em,Crank That (Soulja Boy),Soulja Boy Tell Em,,,,,,,,,,,,,,,,,,,
330,2007,The Fray,How to Save a Life,The Fray,39.743291,-105.069027,"Denver, CO",studio,vocal,,0.0,0.731419,0.527023,298.23664,0.482415,0.0,7,0.59875,-6.114,0,0.030953,120.869,0.341749
331,2007,Robin Thicke,Lost Without U,Robin Thicke,33.973951,-118.248405,"Los Angeles, CA",studio,electric,,0.0,0.000888,0.882416,255.32,0.337706,0.844213,0,0.107102,-14.151,1,0.122168,113.394,0.381624
332,2007,T.I.,Big Shit Poppin (Do It),T.I.,,,,,,,,,,,,,,,,,,,
333,2007,Alicia Keys,No One,Alicia Keys,40.7146,-74.0071,"New York, NY, US",studio,electric,vocal,0.0,0.03376,0.607864,247.74667,0.557079,2.9e-05,1,0.166173,-5.663,0,0.036344,91.969,0.16435
334,2007,Boys Like Girls,The Great Escape,Boys Like Girls,42.647991,-71.165685,"Andover, MA",studio,electric,vocal,0.0,0.000834,0.405932,197.85098,0.699175,2e-06,9,0.197215,-15.943,1,0.039634,76.511,0.518753
335,2007,Young Jeezy,Go Getta,Young Jeezy,,,,,,,,,,,,,,,,,,,
336,2008,T-Pain,Cant Believe It,T-Pain,,,,,,,,,,,,,,,,,,,
337,2008,Soulja Boy Tell Em,Crank That (Soulja Boy),Soulja Boy Tell Em,,,,,,,,,,,,,,,,,,,
338,2008,John Mayer,Say,John Mayer,41.308873,-73.363661,"Bridgeport, CT",studio,vocal,,0.0,0.594782,0.4637,227.4,0.748834,6e-06,10,0.075218,-5.947,1,0.039022,167.862,0.453567
339,2008,Young Jeezy,Put On,Young Jeezy,,,,,,,,,,,,,,,,,,,
340,2009,Soulja Boy Tell Em,Kiss Me thru the Phone,Soulja Boy Tell Em,,,,,,,,,,,,,,,,,,,
341,2009,"Eminem,  Dr. Dre",Crack a Bottle,"Eminem,  Dr. Dre",,,,,,,,,,,,,,,,,,,
342,2009,Soulja Boy Tell Em,Turn My Swag On,Soulja Boy Tell Em,,,,,,,,,,,,,,,,,,,
343,2009,Michael Franti & Spearhead,Say Hey (I Love You),Michael Franti & Spearhead,,,,,,,,,,,,,,,,,,,
344,2010,"Allen,  KrisKris Allen",Live Like Were Dying,"Allen,  KrisKris Allen",,,,,,,,,,,,,,,,,,,
345,2010,Rihanna,Hard,Rihanna,13.1667,-59.5333,"Saint Michael, Barbados",studio,electric,vocal,0.0,0.01242,0.41148,250.6,0.746726,0.0,1,0.648597,-3.598,1,0.069262,120.596,0.159633
346,2010,Sean Kingston,Eenie Meenie,Sean Kingston,,,,,,,,,,,,,,,,,,,
347,2011,P!nk,Fuckin Perfect,P!nk,,,,,,,,,,,,,,,,,,,
348,2012,"Kanye West,  Big Sean,  Pusha T",Mercy,"Kanye West,  Big Sean,  Pusha T",,,,,,,,,,,,,,,,,,,
349,2012,Justin Bieber,Boyfriend,Justin Bieber,43.366667,-80.983333,"Stratford, Canada",studio,electric,vocal,0.0,0.043248,0.708513,167.05261,0.260109,0.00114,1,0.241253,-18.463,1,0.101038,98.896,0.376866
350,2012,PSY,Gangnam Style,PSY,,,,,,,,,,,,,,,,,,,
351,2012,Luke Bryan,I Dont Want This Night to End,Luke Bryan,,,,,,,,,,,,,,,,,,,
352,2013,Anna Kendrick,Cups (Pitch Perfects When Im Gone),Anna Kendrick,,,,,,,,,,,,,,,,,,,
353,2013,ASAP Rocky,Fuckin Problems,ASAP Rocky,,,,,,,,,,,,,,,,,,,
354,2013,Mumford & Sons,I Will Wait,Mumford & Sons,,,,,,,,,,,,,,,,,,,
355,2013,PSY,Gangnam Style,PSY,,,,,,,,,,,,,,,,,,,
356,2013,Rihanna,Pour It Up,Rihanna,13.1667,-59.5333,"Saint Michael, Barbados",studio,electric,vocal,0.0,0.049239,0.775498,196.51197,0.281393,0.0,6,0.062852,-16.728,0,0.05903,134.006,0.359584
357,2013,Rocko,U.O.E.N.O.,Rocko,33.844371,-84.47405,Atlanta Georgia,remix,electric,vocal,0.0,0.25239,0.399766,263.36653,0.74777,0.0,10,0.849951,-5.448,0,0.502925,189.352,0.636563
358,2014,"Jessie J,  Ariana Grande ",Bang Bang,"Jessie J,  Ariana Grande ",,,,,,,,,,,,,,,,,,,
359,2014,Chris Brown,Loyal,Chris Brown,37.916613,-76.947547,"Tappahannock, VA",studio,electric,vocal,0.0,0.085617,0.838916,263.73832,0.537942,0.0,10,0.217328,-5.382,0,0.053288,98.972,0.605923
360,2014,Enrique Iglesias,Bailando,Enrique Iglesias,25.779808,-80.1532,"Miami, FL",remix,studio,electric,0.0,0.047034,0.71899,243.41333,0.782115,1e-06,7,0.048046,-3.511,1,0.152858,90.961,0.953929
361,2014,Bobby Shmurda,Hot Boy,Bobby Shmurda,,,,,,,,,,,,,,,,,,,
362,2014,Imagine Dragons,Radioactive,Imagine Dragons,36.1719,-115.14,"Las Vegas, NV, US",studio,electric,vocal,0.0,0.140495,0.464454,188.18707,0.670427,6.7e-05,9,0.320679,-8.355,1,0.064177,136.248,0.216959
363,2014,YG,My Hitta,YG,,,,,,,,,,,,,,,,,,,
364,2014,Rich Gang,Lifestyle,Rich Gang,,,,,,,,,,,,,,,,,,,
